กระดาษ,วัสดุสำนักงาน,80,2023/02/24 02:03:27
ดินสอ,วัสดุสำนักงาน,75,2023/02/24 02:04:26
ไม้บรรทัด,วัสดุสำนักงาน,61,2023/02/24 02:06:03
เข็มหมุด,วัสดุสำนักงาน,85,2023/02/24 02:06:59
ยางลบ,วัสดุสำนักงาน,57,2023/02/24 02:07:06
สมุดบัญชี,วัสดุสำนักงาน,66,2023/02/24 02:07:18
ตรายาง,วัสดุสำนักงาน,100,2023/02/24 02:07:45
ลวดเย็บกระดาษ,วัสดุสำนักงาน,697,2023/02/24 02:08:10
แฟ้ม,วัสดุสำนักงาน,39,2023/02/24 02:09:14
เทปผ้า,วัสดุสำนักงาน,49,2023/02/24 02:09:51
แปรง,วัสดุงานบ้านงานครัว,52,2023/02/24 02:10:01
ไม้กวาด,วัสดุงานบ้านงานครัว,59,2023/02/24 02:10:39
หมอน,วัสดุงานบ้านงานครัว,4,2023/02/24 02:10:58
ผ้าปูโต้ะ,วัสดุงานบ้านงานครัว,20,2023/02/24 02:12:27
หม้อ,วัสดุงานบ้านงานครัว,38,2023/02/24 02:13:22
กะละมัง,วัสดุงานบ้านงานครัว,57,2023/02/24 02:16:49
ไม้ถูพื้น,วัสดุงานบ้านงานครัว,32,2023/02/24 02:18:22
ที่ตักขยะ,วัสดุงานบ้านงานครัว,25,2023/02/24 02:21:01
กระติกน้ำแข็ง,วัสดุงานบ้านงานครัว,244,2023/02/24 02:21:32
ผัาเช็ดเท้า,วัสดุงานบ้านงานครัว,20,2023/02/24 02:22:20
แผ่นกรองแสง,วัสดุคอมพิวเตอร์,23,2023/02/24 02:22:42
สายเคเบิล,วัสดุคอมพิวเตอร์,8,2023/02/24 02:23:27
เมนบอร์ด,วัสดุคอมพิวเตอร์,18,2023/02/24 02:24:42
แผ่นซีดี,วัสดุคอมพิวเตอร์,12,2023/02/24 02:25:27
เมาส์,วัสดุคอมพิวเตอร์,42,2023/02/24 02:26:02
RAM,วัสดุคอมพิวเตอร์,94,2023/02/24 02:27:52
ผงหมึกเลเซอร์,วัสดุคอมพิวเตอร์,82,2023/02/24 02:28:15
ฮาร์ดดิส,วัสดุคอมพิวเตอร์,39,2023/02/24 02:28:52
คีย์บอร์ด,วัสดุคอมพิวเตอร์,33,2023/02/24 02:29:38
USB,วัสดุคอมพิวเตอร์,34,2023/02/24 02:30:14
sadas,sadasd,27,2023/02/24 02:56:13
เทปผ้า,วัสดุงานบ้าน,35,2023/02/28 16:26:49
กบเหลา,วัสดุสำนักงาน,30,08/03/2023 18:40:11
SSD,วัสดุคอมพิวเตอร์,19,08/03/2023 18:41:05
A5,วัสดุสำนักงาน,3,17/03/2023 16:01:30
